Query,Business Name,Rating,Reviews,Address,Phone,Website
Laser Skin Clinic in Arizona,Valley Aesthetics Institute: Glendale,4.5,(196),,,
Laser Skin Clinic in Arizona,Center for Aesthetic and Laser Medicine Scottsdale,4.9,(276),,,
Laser Skin Clinic in Arizona,Gilbert Perfect Skin Laser Center,4.9,(47),,,
Laser Skin Clinic in Arizona,Phoenix Skin Medical Surgical Group,4.8,"(2,983)","4.8(2,983)",,
Laser Skin Clinic in Arizona,The Skin Clinic North Scottsdale,4.8,(229),,,
Laser Skin Clinic in Arizona,Peach Skin & Laser,4.9,(838),,,
Laser Skin Clinic in Arizona,Perfect Skin Center,4.8,(414),,,
Laser Skin Clinic in Arizona,Peach Skin & Laser,4.8,(364),,,
Laser Skin Clinic in Arizona,SkinVolution Laser & Vein Center,4.7,(70),,,
Laser Skin Clinic in Arizona,Phoenix Skin Medical Surgical Group,5.0,"(1,286)","5.0(1,286)",,
Laser Skin Clinic in Arizona,Derma Health Skin & Laser,4.8,(208),,,
Laser Skin Clinic in Arizona,Derma Health Skin & Laser,4.8,(294),,,
Laser Skin Clinic in Arizona,SkinLab,4.8,(329),,,
Laser Skin Clinic in Arizona,Arizona Skin,5.0,(477),,,
Laser Skin Clinic in Arizona,Saguaro Dermatology | Ahwatukee (formerly Ahwatukee Skin & Laser),4.8,(524),,,
Med Spa in Arizona,New Image Med Spa,4.8,(76),,,
Med Spa in Arizona,ZONA MED SPA,4.9,(491),,,
Med Spa in Arizona,Bella Medspa Arizona,5.0,(265),,,
Med Spa in Arizona,Suddenly Slimmer Med Spa,4.7,"(1,028)","4.7(1,028)",,
Med Spa in Arizona,Look Lab Med Spa,5.0,(771),,,
Med Spa in Arizona,Moderne Medical Aesthetics,5.0,(310),,,
Med Spa in Arizona,Med 44 Arcadia,5.0,(217),,,
Med Spa in Arizona,Look Lab,5.0,(668),,,
Med Spa in Arizona,Alani Skin MD,4.8,(552),,,
Med Spa in Arizona,AZ Med Spa 48,5.0,(90)," · 7375 W Bell Rd Suite 105, RM 137",,
Med Spa in Arizona,Uptown Medispa Arrowhead,4.8,(222)," · 16222 N 59th Ave Building D, Suite 170",,
Med Spa in Arizona,North Scottsdale Med Spa,4.9,(89),,,
Med Spa in Arizona,It's A Secret Med Spa - Phoenix,4.6,(89),,,
Med Spa in Arizona,Touch and Glow Med Spa,4.9,(432),,,
Med Spa in Arizona,New Image Med Spa,4.8,(76),,,
Botox Clinic in Arizona,Suddenly Slimmer Med Spa,4.7,"(1,028)","4.7(1,028)",,
Botox Clinic in Arizona,ZONA MED SPA,4.9,(491),,,
Botox Clinic in Arizona,"Flawless Faces MedSpa Chandler Botox, Lip Fillers And Laser Hair Removal",5.0,(477),,,
Botox Clinic in Arizona,Moderne Medical Aesthetics,5.0,(310),,,
Botox Clinic in Arizona,The Skin Clinic North Scottsdale,4.8,(229),,,
Botox Clinic in Arizona,Phoenix Skin Medical Surgical Group,4.8,"(2,983)","4.8(2,983)",,
Botox Clinic in Arizona,Bella Medspa Arizona,5.0,(265),,,
Botox Clinic in Arizona,SKINovative,4.9,(282),,,
Botox Clinic in Arizona,Physician Skin Solutions At Arrowhead,4.8,(183),,,
Botox Clinic in Arizona,Center for Aesthetic and Laser Medicine Scottsdale,4.9,(276),,,
Botox Clinic in Arizona,MDSkin Lounge and MDSkin Bar - North Scottsdale,4.9,(352),,,
Botox Clinic in Arizona,Torstveit Medical Aesthetics + TMA Med Spa,4.9,(150),,,
Botox Clinic in Arizona,Phoenix Skin Medical Surgical Group,5.0,"(1,286)","5.0(1,286)",,
Botox Clinic in Arizona,Precision Skin Studio,5.0,(93),,,
Botox Clinic in Arizona,Derma Health Skin & Laser,4.8,(208),,,
Facial Spa in Arizona,Arizona Office of Tourism,2.3,(4),,,
Facial Spa in Arizona,"Hi, skin Phoenix",4.8,(672),,,
Facial Spa in Arizona,Inspire Day Spa - Facial and Massage Scottsdale,4.9,(494),,,
Facial Spa in Arizona,FACE FOUNDRIÉ - Phoenix,5.0,(413),,,
Facial Spa in Arizona,Phoenix Skin Spa,4.9,"(1,240)","4.9(1,240)",,
Facial Spa in Arizona,New Serenity Spa - Facial and Massage in Scottsdale,4.8,(252),,,
Facial Spa in Arizona,Dolce Medical Spa - Old Town Scottsdale | Facial | Skin Tightening | Microneedling,5.0,(435),,,
Facial Spa in Arizona,Skin by SK Organic Facial Studio,5.0,(152)," · Valencia Salon Studios, 7337 E Shea Blvd",,
Facial Spa in Arizona,Suddenly Slimmer Med Spa,4.7,"(1,028)","4.7(1,028)",,
Facial Spa in Arizona,Cleanse Modern Day Spa,5.0,(376),,,
Facial Spa in Arizona,The Spa Scottsdale,4.7,(279),,,
Facial Spa in Arizona,Aji Spa,4.7,(429),,,
Facial Spa in Arizona,Astonished! Massage & Facial Spa,4.8,(358),,,
Facial Spa in Arizona,Sonoran Serenity Spa,4.8,(187),,,
Facial Spa in Arizona,Clean Your Dirty Face,4.8,(102),,,
Aesthetic Clinic in Arizona,Torstveit Medical Aesthetics + TMA Med Spa,4.9,(150),,,
Aesthetic Clinic in Arizona,Center for Aesthetic and Laser Medicine Scottsdale,4.9,(276),,,
Aesthetic Clinic in Arizona,Auri Aesthetics,5.0,(234),,,
Aesthetic Clinic in Arizona,Inside Out Aesthetics,5.0,(728),,,
Aesthetic Clinic in Arizona,Arizona Aesthetics | Hair Restoration & Stem Cell Therapy,4.9,(242),,,
Aesthetic Clinic in Arizona,Moderne Medical Aesthetics,5.0,(310),,,
Aesthetic Clinic in Arizona,NK Aesthetics,5.0,(152),,,
Aesthetic Clinic in Arizona,DC Ranch Family Medicine & Aesthetics,5.0,(96),,,
Aesthetic Clinic in Arizona,All About Me Medical Aesthetics,4.9,(187)," · 34406 N 27th Dr Building 4, Suite 128",,
Aesthetic Clinic in Arizona,Lavi Aesthetics,5.0,(176),,,
Aesthetic Clinic in Arizona,Prescott Medical Aesthetics,4.9,(362),,,
Aesthetic Clinic in Arizona,Adam & Eve Medical Aesthetics,4.9,(253),,,
Aesthetic Clinic in Arizona,URBAN Aesthetics + Wellness,5.0,(260),,,
Aesthetic Clinic in Arizona,Skinway MedSpa (formerly Honoré Skin Clinic),5.0,(57),,,
Aesthetic Clinic in Arizona,Valley Aesthetics Institute: Glendale,4.5,(196),,,
Skin Rejuvenation in Arizona,Bingham Dermatology Group,4.5,(149),,,
Skin Rejuvenation in Arizona,Suddenly Slimmer Med Spa,4.7,"(1,028)","4.7(1,028)",,
Skin Rejuvenation in Arizona,Scottsdale Skin Rejuvenation,5.0,(82),,,
Skin Rejuvenation in Arizona,Perfect Skin Center,4.8,(414),,,
Skin Rejuvenation in Arizona,Phoenix Skin Spa,4.9,"(1,240)","4.9(1,240)",,
Skin Rejuvenation in Arizona,Phoenix Wellness and Rejuvenation,4.9,(206),,,
Skin Rejuvenation in Arizona,Phoenix Skin Medical Surgical Group,4.8,"(2,983)","4.8(2,983)",,
Skin Rejuvenation in Arizona,CurateMD Skin Bar and Wellness Clinic,5.0,(329),,,
Skin Rejuvenation in Arizona,SKINovative,4.9,(282),,,
Skin Rejuvenation in Arizona,The Skin Clinic North Scottsdale,4.8,(229),,,
Skin Rejuvenation in Arizona,Skin Beautiful,5.0,(491),,,
Skin Rejuvenation in Arizona,Taut Haute Skin Clinic,5.0,(195),,,
Skin Rejuvenation in Arizona,Hydrafacial and Chemical Peels by Kapri Skin,5.0,(163),,,
Skin Rejuvenation in Arizona,Rejuline skin and body,4.4,(121),,,
Skin Rejuvenation in Arizona,SkinVolution Laser & Vein Center,4.7,(70),,,
Laser Hair Removal in Arizona,Milan Laser Hair Removal,4.9,(324),,,
Laser Hair Removal in Arizona,Affordable Laser Hair Removal,4.9,(159),,,
Laser Hair Removal in Arizona,Milan Laser Hair Removal,5.0,(206),,,
Laser Hair Removal in Arizona,Peach Skin & Laser,4.8,(364),,,
Laser Hair Removal in Arizona,Laguna Laser Hair and Tattoo Removal,4.9,(163),,,
Laser Hair Removal in Arizona,Suddenly Slimmer Med Spa,4.7,"(1,028)","4.7(1,028)",,
Laser Hair Removal in Arizona,Milan Laser Hair Removal,5.0,(180),,,
Laser Hair Removal in Arizona,AZ Laser Studio & Medspa,5.0,(175),,,
Laser Hair Removal in Arizona,Peach Skin & Laser,4.9,(838),,,
Laser Hair Removal in Arizona,Simplicity Laser,4.7,(630),,,
Laser Hair Removal in Arizona,Milan Laser Hair Removal,4.9,(343),,,
Laser Hair Removal in Arizona,Milan Laser Hair Removal,5.0,(301),,,
Laser Hair Removal in Arizona,Simplicity Laser,4.9,(304),,,
Laser Hair Removal in Arizona,Tempe Laser Center,4.7,(355),,,
Laser Hair Removal in Arizona,Simplicity Laser,4.7,(689),,,
